user_id,shelf_name,is_private
0,Favorites,True
0,Has Read,False
0,Wants to Read,True
0,Currently Reading,True
0,Feeling Enjoy Bag,True
1,Favorites,True
1,Has Read,False
1,Wants to Read,False
1,Currently Reading,True
1,Space Well International,True
1,Author Billion Major Their Reflect Sign,True
1,Eight Argue Everybody,True
1,Another View Television War Meet,False
1,Hit Base Play As Computer Democrat,False
2,Favorites,False
2,Has Read,False
2,Wants to Read,True
2,Currently Reading,True
2,Light Store Force Shake Executive Box,False
2,List Soon West Item Deep,False
2,Send Walk Reflect Staff Right Will,False
3,Favorites,True
3,Has Read,True
3,Wants to Read,False
3,Currently Reading,True
3,Yet Which Pay May Military,True
3,Suffer Leader Late,True
3,Six Make Artist College Allow,True
4,Favorites,True
4,Has Read,False
4,Wants to Read,False
4,Currently Reading,False
5,Favorites,False
5,Has Read,False
5,Wants to Read,False
5,Currently Reading,True
5,Certain Impact Evidence,False
6,Favorites,False
6,Has Read,True
6,Wants to Read,False
6,Currently Reading,True
6,Article Behavior End,False
6,Medical Against Guess,False
6,Arrive Fight Even,True
6,Drug Fly Other Organization Against Movement,True
7,Favorites,False
7,Has Read,False
7,Wants to Read,False
7,Currently Reading,False
7,Key Scientist City,False
8,Favorites,False
8,Has Read,False
8,Wants to Read,False
8,Currently Reading,False
8,Adult To Operation Customer Degree Great,True
9,Favorites,False
9,Has Read,False
9,Wants to Read,True
9,Currently Reading,False
9,Let During Matter May Land,False
9,Important Prove Take Hit,True
9,Still Season Audience Seat,False
9,Example Single Military Young Church Interesting,False
9,Guy Economy Choose Three Keep Family,True
10,Favorites,True
10,Has Read,True
10,Wants to Read,True
10,Currently Reading,True
11,Favorites,True
11,Has Read,False
11,Wants to Read,True
11,Currently Reading,False
11,Degree Suffer Class Degree Pattern Model,False
11,Laugh Institution Evening Prepare Try,True
11,To Director Town From,False
12,Favorites,False
12,Has Read,False
12,Wants to Read,False
12,Currently Reading,False
12,Onto Way Scene Event Stuff,True
12,Measure When Spend Other,False
12,Bring Good Mouth Light Democratic Traditional,True
13,Favorites,True
13,Has Read,True
13,Wants to Read,True
13,Currently Reading,True
13,Very Industry Radio Phone,False
13,Challenge Case Interest Message Think Old,False
13,Consider Point Rest Agency,False
13,Adult Again Today Amount Laugh Could,False
14,Favorites,True
14,Has Read,False
14,Wants to Read,False
14,Currently Reading,True
14,Threat Region Office Manager Network,False
15,Favorites,False
15,Has Read,False
15,Wants to Read,True
15,Currently Reading,True
16,Favorites,False
16,Has Read,True
16,Wants to Read,True
16,Currently Reading,True
16,Just Ever During,True
16,Benefit Girl General Type Wind Bit,True
16,Determine Reason Or Field It Manager,True
17,Favorites,False
17,Has Read,True
17,Wants to Read,True
17,Currently Reading,True
17,Agency Case Relationship Strategy Position Wonder,False
17,Instead Perform Room Shoulder,True
18,Favorites,True
18,Has Read,False
18,Wants to Read,True
18,Currently Reading,False
18,Since Usually Kind,True
18,Boy A Instead Month Why,True
18,Fire Him Assume Let Decade Company,False
19,Favorites,False
19,Has Read,False
19,Wants to Read,False
19,Currently Reading,True
19,Election Address Top Remember Environment Send,False
20,Favorites,False
20,Has Read,False
20,Wants to Read,False
20,Currently Reading,True
20,Purpose Use Effort Statement Son,True
20,Material Source Stuff Improve Civil Only,True
20,Stage Main Two,False
20,At Need Economic Or Study School,True
20,Chair Rich Walk Military Hand Federal,True
21,Favorites,False
21,Has Read,True
21,Wants to Read,True
21,Currently Reading,True
22,Favorites,True
22,Has Read,False
22,Wants to Read,False
22,Currently Reading,True
22,Serious Because Tend,False
22,Those Per West Meeting Say,False
22,Establish Happen Character List Tonight,True
23,Favorites,False
23,Has Read,True
23,Wants to Read,True
23,Currently Reading,False
23,Manage Close Chance Life Gun Trip,True
23,Southern Must Road,False
23,Put West Nothing See Popular Still,False
23,Maintain Carry Skin Manager,True
23,Eye Heavy Form Population,True
24,Favorites,True
24,Has Read,False
24,Wants to Read,True
24,Currently Reading,False
24,Look Line Marriage Either Position Indeed,True
24,Season High Already Crime,False
24,Population Drug Order Contain Rock,False
25,Favorites,True
25,Has Read,True
25,Wants to Read,True
25,Currently Reading,True
25,Today Amount Red Since Wear,True
25,Offer Dinner Far Economy Make Oil,False
25,Teacher Both Return,False
25,Training Recent Industry,True
26,Favorites,False
26,Has Read,True
26,Wants to Read,True
26,Currently Reading,True
26,Fine Member Education Describe Almost,False
26,Soon Section Within Computer,True
26,Low Receive Require Home Pattern,False
27,Favorites,False
27,Has Read,True
27,Wants to Read,True
27,Currently Reading,True
27,Forget Happy Ask,False
27,Force Change Food,False
27,Its Almost Method,True
27,Project Left Peace And Science,False
28,Favorites,True
28,Has Read,True
28,Wants to Read,False
28,Currently Reading,False
29,Favorites,False
29,Has Read,False
29,Wants to Read,True
29,Currently Reading,False
29,Evening Not Middle Station Investment,True
30,Favorites,True
30,Has Read,True
30,Wants to Read,True
30,Currently Reading,False
30,Maintain Bag Business Her Government Choice,False
30,Garden Rather Maybe,False
30,Back Learn Reach Individual,True
31,Favorites,True
31,Has Read,True
31,Wants to Read,False
31,Currently Reading,False
32,Favorites,True
32,Has Read,True
32,Wants to Read,True
32,Currently Reading,True
32,Onto Owner Realize Buy Seem,True
32,Physical Soon Agreement Side,True
32,Receive Perhaps Entire Father,False
32,Difficult Market Seven,True
32,It Media Remain,False
33,Favorites,False
33,Has Read,True
33,Wants to Read,True
33,Currently Reading,True
33,Score How Letter Guy Before Security,False
33,Either Pattern Majority Successful,True
33,Window Up Trade Institution,False
34,Favorites,False
34,Has Read,False
34,Wants to Read,False
34,Currently Reading,True
34,Real More Activity Charge Month Reason,False
35,Favorites,True
35,Has Read,False
35,Wants to Read,False
35,Currently Reading,True
36,Favorites,False
36,Has Read,True
36,Wants to Read,False
36,Currently Reading,True
37,Favorites,False
37,Has Read,True
37,Wants to Read,True
37,Currently Reading,True
37,Front Already Involve Learn,False
37,Relate Themselves Personal Fund Knowledge Dream,False
38,Favorites,False
38,Has Read,False
38,Wants to Read,False
38,Currently Reading,False
38,Style Song Security Price Down End,False
38,Threat Strong Worry Conference,False
38,Also Right Process,False
39,Favorites,True
39,Has Read,False
39,Wants to Read,True
39,Currently Reading,True
39,Face Break Describe Pull Drive Yet,False
40,Favorites,True
40,Has Read,True
40,Wants to Read,False
40,Currently Reading,False
40,Allow Service Community,True
40,Seek Firm Bed Whether Leave,False
40,When Six Open Enjoy Say Future,False
41,Favorites,False
41,Has Read,False
41,Wants to Read,True
41,Currently Reading,False
41,To Dog Star Often,True
42,Favorites,True
42,Has Read,True
42,Wants to Read,True
42,Currently Reading,True
42,Relationship Head Apply Through Look,False
42,Else Teacher Task,False
42,Language Population Campaign Within Act Particularly,False
42,Study Share Some Become,True
42,Allow Forward Leave,False
43,Favorites,True
43,Has Read,False
43,Wants to Read,False
43,Currently Reading,False
43,Yes Food Several Great Feeling,False
44,Favorites,True
44,Has Read,True
44,Wants to Read,True
44,Currently Reading,True
44,Family Finally Fight Up Stop Who,True
44,Maybe Time Probably Already Eight,False
44,Series Tough Country Foreign,False
44,Town Act Education Just Forget Somebody,True
45,Favorites,True
45,Has Read,False
45,Wants to Read,True
45,Currently Reading,True
45,Notice Loss Among Husband Foreign Thousand,True
45,Whether Professional Beat Walk Tend Floor,True
45,Trade Trip Get Unit,False
45,Water Travel Shake,False
45,Moment Become Congress,False
46,Favorites,True
46,Has Read,False
46,Wants to Read,True
46,Currently Reading,True
46,Similar Skin Message Sense Then,True
46,Policy These Hotel Drug By,False
46,All Finally Leg Under Him Sing,True
46,Growth Real After,True
47,Favorites,True
47,Has Read,True
47,Wants to Read,True
47,Currently Reading,True
47,Change Decision Why Statement,False
48,Favorites,False
48,Has Read,False
48,Wants to Read,False
48,Currently Reading,True
49,Favorites,False
49,Has Read,True
49,Wants to Read,True
49,Currently Reading,False
49,After Phone Activity Control Quality Mission,False
49,Strategy Practice Growth Deal Together,False
49,Third Tree Staff Entire Energy,False
49,Nearly Movie Machine Even,True
49,Sound Quality Old,False
50,Favorites,False
50,Has Read,True
50,Wants to Read,False
50,Currently Reading,False
50,Mrs Less Yourself Bank Phone Enter,False
50,Child Service Card,False
50,The Example Reflect,True
51,Favorites,False
51,Has Read,True
51,Wants to Read,False
51,Currently Reading,True
51,Water To Station,False
51,Stock Democratic Skill Bad,True
51,Fine Or Walk Kid Spring Summer,True
51,Fact Great Debate,False
52,Favorites,True
52,Has Read,True
52,Wants to Read,True
52,Currently Reading,False
53,Favorites,True
53,Has Read,False
53,Wants to Read,False
53,Currently Reading,False
53,Note My Place Generation Light,True
53,Last Idea Chair,True
54,Favorites,False
54,Has Read,True
54,Wants to Read,False
54,Currently Reading,False
54,Federal Politics Sing Government,True
54,Second Many Speech Land,True
54,Really Thus Alone Soon Hundred,True
55,Favorites,False
55,Has Read,True
55,Wants to Read,True
55,Currently Reading,False
55,Card Or Sister Modern,True
55,See Prove Bad,False
56,Favorites,False
56,Has Read,True
56,Wants to Read,True
56,Currently Reading,True
56,The Federal Rock Under,True
56,Several Decide Side Life Home Realize Environment,True
56,Green Once Huge Way Experience Training,True
56,Prevent Open Specific Foot Trouble,True
57,Favorites,True
57,Has Read,False
57,Wants to Read,True
57,Currently Reading,True
57,Issue Draw Soon,False
57,Month Voice Each Commercial,True
57,Dark Night Program Certainly,False
57,Wall List Quite Customer Fine Particular,False
58,Favorites,True
58,Has Read,True
58,Wants to Read,False
58,Currently Reading,True
58,Lay Certain That Western Place Career,False
59,Favorites,True
59,Has Read,False
59,Wants to Read,False
59,Currently Reading,True
59,Billion World Since Government,False
59,Business Plan Fact Glass Street,True
59,Help Government Group Along Shake Director,True
59,Stock Ever Where,False
59,Card Material Agent From Rest,True
60,Favorites,False
60,Has Read,False
60,Wants to Read,False
60,Currently Reading,False
60,View Evidence Model Stage,False
60,Want Language Account,True
60,Listen Once Grow Bad Citizen,False
60,Majority Present Source Page Between Either,False
61,Favorites,True
61,Has Read,False
61,Wants to Read,False
61,Currently Reading,True
61,Modern Hair Establish Republican Pick Society,True
62,Favorites,True
62,Has Read,True
62,Wants to Read,False
62,Currently Reading,True
62,Cell Since Know,False
63,Favorites,True
63,Has Read,True
63,Wants to Read,False
63,Currently Reading,False
63,Central Just Cultural Almost Crime,True
63,Country Box Camera Difference,True
64,Favorites,True
64,Has Read,False
64,Wants to Read,True
64,Currently Reading,False
65,Favorites,False
65,Has Read,False
65,Wants to Read,True
65,Currently Reading,False
65,Spend Those Value,True
65,Technology Throw Task West,False
65,Represent Strategy Among Wear,True
66,Favorites,False
66,Has Read,False
66,Wants to Read,True
66,Currently Reading,False
66,Increase Where Color Plan,False
67,Favorites,False
67,Has Read,False
67,Wants to Read,False
67,Currently Reading,False
67,Tv Laugh Difference Nor That,False
67,Return He Politics Practice Worry,False
67,Rich Or Company,True
67,Soon Because Against Pretty,False
68,Favorites,False
68,Has Read,True
68,Wants to Read,True
68,Currently Reading,True
68,Politics Beyond Goal View Finally,False
68,This Large Property Result Industry Speech,False
69,Favorites,True
69,Has Read,True
69,Wants to Read,True
69,Currently Reading,True
69,On Than Need Cover Question,False
69,Us Strong My,False
69,However Wide How Ready Minute Theory,True
70,Favorites,True
70,Has Read,False
70,Wants to Read,False
70,Currently Reading,False
70,Adult Sign Way Method Their,True
71,Favorites,False
71,Has Read,False
71,Wants to Read,True
71,Currently Reading,True
71,Work Cold Control Center,False
71,Foot Every Call Walk Population Nice,True
71,Red Surface Rest,True
71,Determine Difficult Quality Head,False
72,Favorites,False
72,Has Read,True
72,Wants to Read,True
72,Currently Reading,True
72,Compare Couple Public Argue Listen,True
73,Favorites,True
73,Has Read,True
73,Wants to Read,True
73,Currently Reading,True
73,Amount Less Along,False
74,Favorites,False
74,Has Read,False
74,Wants to Read,True
74,Currently Reading,False
74,Third Skill Behind Value Style Each,False
74,Necessary Pressure Certain Culture Remain Model,False
74,Former Similar Network Question Like Add,False
74,Sound Professor Phone Affect Thought,True
74,Picture Network Receive Condition Brother,False
75,Favorites,False
75,Has Read,True
75,Wants to Read,True
75,Currently Reading,True
76,Favorites,True
76,Has Read,False
76,Wants to Read,False
76,Currently Reading,False
76,Body Term Here,False
76,Religious Whom Ok,True
76,Hand Along Nature Enjoy,True
77,Favorites,True
77,Has Read,False
77,Wants to Read,False
77,Currently Reading,True
77,Into Civil Sort Star Above,False
77,One College Eight Month Foot,True
78,Favorites,False
78,Has Read,False
78,Wants to Read,True
78,Currently Reading,False
79,Favorites,True
79,Has Read,False
79,Wants to Read,False
79,Currently Reading,False
79,Court Include Prevent Anything Agency,False
79,Realize New Idea Magazine May Life,True
79,Model Character Career,True
79,Alone Lead Lawyer Course,False
79,Across Put Should,True
80,Favorites,False
80,Has Read,False
80,Wants to Read,True
80,Currently Reading,False
80,Factor Win She Scientist Range Total,False
80,Skin Color Pull,False
81,Favorites,False
81,Has Read,True
81,Wants to Read,False
81,Currently Reading,True
81,Ever Art Board After,True
82,Favorites,False
82,Has Read,False
82,Wants to Read,False
82,Currently Reading,True
82,Nothing Affect Exactly,False
82,Stuff Rich Would,True
82,Picture World Stay Win,False
82,Summer Source Left Sound Several Particular,False
83,Favorites,False
83,Has Read,False
83,Wants to Read,True
83,Currently Reading,True
83,Sort Each Painting Project Fight,True
83,Another Energy Professor Father Almost,False
84,Favorites,True
84,Has Read,True
84,Wants to Read,False
84,Currently Reading,True
85,Favorites,False
85,Has Read,True
85,Wants to Read,True
85,Currently Reading,False
85,Class Rich Rise Shake,True
85,Mean Home Consumer Fund Happen,True
85,Share Off Late Old Task Guy,True
85,Law Will Total Cause,False
86,Favorites,False
86,Has Read,True
86,Wants to Read,False
86,Currently Reading,True
86,Couple Real As,False
86,Left Face Range About Help Federal,False
87,Favorites,False
87,Has Read,True
87,Wants to Read,False
87,Currently Reading,True
87,Level Stage Tough Industry Include Soldier,True
87,Could Write Miss Among Wind Evidence,False
87,Technology Adult Very,True
87,How Drug All Moment Help,False
87,Whose His Bit Argue,True
88,Favorites,True
88,Has Read,False
88,Wants to Read,False
88,Currently Reading,False
89,Favorites,True
89,Has Read,True
89,Wants to Read,True
89,Currently Reading,False
90,Favorites,True
90,Has Read,True
90,Wants to Read,False
90,Currently Reading,False
90,Technology Realize Various With Generation,False
90,Floor Position Drug Later Small,True
91,Favorites,True
91,Has Read,True
91,Wants to Read,False
91,Currently Reading,True
92,Favorites,False
92,Has Read,True
92,Wants to Read,True
92,Currently Reading,True
92,Else Later Win,True
92,Light Late Check Begin,False
93,Favorites,True
93,Has Read,True
93,Wants to Read,True
93,Currently Reading,False
93,End Professional Others Civil Prove Find,True
93,Look Democrat Reality Shoulder Employee,False
93,Discover Without Relationship Color Door,True
93,Join Weight Second Others,False
94,Favorites,True
94,Has Read,True
94,Wants to Read,False
94,Currently Reading,True
94,Heart Fly Card,False
94,Shake Item Point,True
94,Shoulder Half Theory Through Including,False
94,Manager Brother Direction Until,True
94,Thus Heart Near,False
95,Favorites,False
95,Has Read,True
95,Wants to Read,False
95,Currently Reading,True
95,Baby You Whatever According More,True
95,However Forget Want Whole Color,True
95,Bar Family Agent True Could War,False
96,Favorites,True
96,Has Read,True
96,Wants to Read,False
96,Currently Reading,False
96,Eye Push Under Break Over Natural,True
96,Financial Attack Unit,False
96,Discover While Speak Tough,True
96,Field Likely Least,False
97,Favorites,False
97,Has Read,False
97,Wants to Read,False
97,Currently Reading,True
97,Heavy May Heavy Certainly Scientist Sort Both,True
97,Customer Job Buy East Occur,True
97,Store Let Cost Claim Imagine,True
97,All Member Yes Mention Focus Financial,True
97,Project Stock Ability Try Mention Become,True
98,Favorites,False
98,Has Read,True
98,Wants to Read,False
98,Currently Reading,False
98,Pick Tell Want Pretty Woman Clear,True
98,Establish Computer Perhaps,True
98,If Know That Sell Beautiful,False
99,Favorites,False
99,Has Read,False
99,Wants to Read,True
99,Currently Reading,False
100,Favorites,False
100,Has Read,False
100,Wants to Read,False
100,Currently Reading,True
100,Meet Dark Bank Ago Bank,True
101,Favorites,True
101,Has Read,False
101,Wants to Read,False
101,Currently Reading,True
101,Rule Project Kitchen,False
101,End Budget I Face From,False
101,Event Media Consumer Yet Partner Expect,False
101,Exactly Idea From,True
102,Favorites,False
102,Has Read,False
102,Wants to Read,True
102,Currently Reading,False
102,Green Yet Realize Born Keep Speak,False
102,Understand Well Worker Wind,False
102,Maybe Even First Whole,False
103,Favorites,False
103,Has Read,False
103,Wants to Read,True
103,Currently Reading,True
103,Amount Tree Maintain,True
103,Both Physical Similar,True
104,Favorites,False
104,Has Read,False
104,Wants to Read,False
104,Currently Reading,True
104,Audience Recent Simple Tax By,False
104,Attention Kid New Effort Agreement,False
104,Analysis Describe Measure Method Prevent Alone,False
104,North Officer Me Thing Large,True
104,Surface Democratic Reach Four,False
105,Favorites,False
105,Has Read,False
105,Wants to Read,True
105,Currently Reading,True
105,Hand Less Establish Family,False
105,Other Cultural Paper President Agreement Tv,True
105,Whole Available Business,True
105,Court Include Produce Knowledge Forget Really,True
105,Develop Tend Spend,False
106,Favorites,True
106,Has Read,True
106,Wants to Read,False
106,Currently Reading,False
106,Certainly Begin Over Reflect,True
106,Single Discussion Continue Modern Again Young Card,True
106,Control Tough Eight,False
106,Clearly Action Language Condition,True
106,Meeting Until Him Available,False
107,Favorites,True
107,Has Read,False
107,Wants to Read,False
107,Currently Reading,True
108,Favorites,True
108,Has Read,True
108,Wants to Read,True
108,Currently Reading,True
108,Make Get Type Senior Table,False
108,Hard Occur Indeed Environment,False
109,Favorites,True
109,Has Read,True
109,Wants to Read,True
109,Currently Reading,True
110,Favorites,False
110,Has Read,False
110,Wants to Read,True
110,Currently Reading,False
110,Hope Cost Social,True
110,System Customer Bar Experience,False
110,Collection Conference Prove Read,False
110,Doctor Example Within Program,True
110,Almost Happen Account,True
111,Favorites,True
111,Has Read,True
111,Wants to Read,True
111,Currently Reading,False
111,High Stop Position Write,True
112,Favorites,True
112,Has Read,False
112,Wants to Read,True
112,Currently Reading,False
112,Nation Nation Still Light Some Natural,False
112,Interesting Special Create Degree Significant North,False
112,Western Rock Within Southern,True
113,Favorites,True
113,Has Read,True
113,Wants to Read,False
113,Currently Reading,False
113,Card Trip Report Two,True
113,Bad Suffer Lead,False
114,Favorites,False
114,Has Read,False
114,Wants to Read,True
114,Currently Reading,False
114,Throughout Door Argue Describe,False
114,Fill Manage Pressure Put Situation,False
114,Surface Property Easy Option Edge Note,True
114,Long Business Bank,True
114,For Task Perform,True
115,Favorites,False
115,Has Read,True
115,Wants to Read,False
115,Currently Reading,True
115,Recent Require Win Bed,True
115,Kitchen Indeed Response Remain Can,False
116,Favorites,True
116,Has Read,True
116,Wants to Read,True
116,Currently Reading,False
116,Forget Great Dream Fear,False
116,Between Same Seek,True
117,Favorites,True
117,Has Read,True
117,Wants to Read,False
117,Currently Reading,False
117,Subject Drug Shake,False
117,Beyond Rate Thing Ok Make Mention,True
117,Because Someone Fast,True
118,Favorites,True
118,Has Read,True
118,Wants to Read,True
118,Currently Reading,False
118,Decision Magazine Successful,False
118,Care Owner Cell Investment,True
119,Favorites,False
119,Has Read,False
119,Wants to Read,False
119,Currently Reading,False
119,Fine Song Moment Tell Free Minute,False
119,Key Result Part,False
120,Favorites,True
120,Has Read,False
120,Wants to Read,False
120,Currently Reading,True
120,Learn He Issue,True
120,Soon Result Four Source Interesting,True
120,Camera Next Choice Once How,True
120,Movie Different Century Theory Thus,False
120,Then Several Challenge,False
121,Favorites,False
121,Has Read,False
121,Wants to Read,False
121,Currently Reading,True
121,Image Involve Level,True
121,Ask Far Each Around Skill Particularly,True
121,Vote Thing Floor,True
121,Season Protect Great Tend Push Degree,True
121,World Do Laugh Edge Teacher Election,True
122,Favorites,True
122,Has Read,False
122,Wants to Read,True
122,Currently Reading,True
122,Each Sometimes Chance Position,False
122,Model Win Best,True
123,Favorites,True
123,Has Read,True
123,Wants to Read,True
123,Currently Reading,False
123,Billion School Concern Talk Pick Free,False
123,Product Threat Sing,True
123,Off Drop Style Statement Name,True
123,Tv Stop After Prepare Five,True
124,Favorites,True
124,Has Read,False
124,Wants to Read,False
124,Currently Reading,False
124,Try Imagine Attorney Think Body Per,True
125,Favorites,True
125,Has Read,False
125,Wants to Read,True
125,Currently Reading,True
125,Professor Show Get,False
125,Phone Account Media Improve Trouble Free,True
125,West Myself Parent Issue,True
126,Favorites,True
126,Has Read,False
126,Wants to Read,True
126,Currently Reading,True
127,Favorites,True
127,Has Read,False
127,Wants to Read,False
127,Currently Reading,False
127,Letter Eat Report Body Red Material,True
127,Challenge Generation Middle Loss Series,True
127,Chair Lose Place Dinner Southern Significant,True
127,Year Have Effort Way Share Next,True
128,Favorites,True
128,Has Read,False
128,Wants to Read,False
128,Currently Reading,False
128,Throw Coach Know Hit Church Agree,False
128,Accept Size Suggest Claim Remain Development,False
128,By Finally Open Debate,False
128,Mission Head Something Remain Read Or,True
129,Favorites,False
129,Has Read,False
129,Wants to Read,False
129,Currently Reading,True
130,Favorites,True
130,Has Read,True
130,Wants to Read,False
130,Currently Reading,True
130,Heavy Next Into,True
130,Strategy After Raise Detail,False
131,Favorites,False
131,Has Read,True
131,Wants to Read,False
131,Currently Reading,False
131,Morning Window Because,False
131,Practice Population Buy,False
131,Force Relate Task,False
131,Never Civil Pick Several Down Our,False
132,Favorites,True
132,Has Read,True
132,Wants to Read,False
132,Currently Reading,True
133,Favorites,False
133,Has Read,True
133,Wants to Read,True
133,Currently Reading,False
133,Mother Person Organization,True
133,Serve Include Outside Treat Region,True
134,Favorites,False
134,Has Read,False
134,Wants to Read,True
134,Currently Reading,False
135,Favorites,True
135,Has Read,True
135,Wants to Read,True
135,Currently Reading,True
135,Indicate Reason Maintain Standard,False
135,Of Send Attention Here Plan Doctor,False
135,Result Theory Even Give Sell High,True
136,Favorites,True
136,Has Read,True
136,Wants to Read,True
136,Currently Reading,True
136,Central Action Design Election Use,False
136,Pretty Room Record Born Truth Manage,False
136,Act Audience Half,True
137,Favorites,False
137,Has Read,True
137,Wants to Read,False
137,Currently Reading,True
137,Safe Performance Realize Coach Southern Glass,True
138,Favorites,False
138,Has Read,True
138,Wants to Read,True
138,Currently Reading,True
138,Test Seek Owner Consider Environment After,False
139,Favorites,True
139,Has Read,False
139,Wants to Read,False
139,Currently Reading,True
139,Budget Product Exactly,True
139,Memory Pm Cover,False
139,Work Yet Poor Summer Congress Against,False
139,Sport Bar Item Human,True
139,Stay Beyond Mrs,False
140,Favorites,True
140,Has Read,False
140,Wants to Read,False
140,Currently Reading,False
140,Standard Leader Yourself Themselves Job,False
141,Favorites,False
141,Has Read,False
141,Wants to Read,True
141,Currently Reading,False
141,Senior Personal Speak Seem,False
141,Forget Source Find Mention Series,False
141,Score Media Car Anything Box Second,False
142,Favorites,False
142,Has Read,False
142,Wants to Read,True
142,Currently Reading,False
142,Let Might No Democratic Low,False
143,Favorites,False
143,Has Read,False
143,Wants to Read,True
143,Currently Reading,False
144,Favorites,False
144,Has Read,True
144,Wants to Read,False
144,Currently Reading,False
144,Sea Article Thought Again Hit Mean,True
145,Favorites,True
145,Has Read,False
145,Wants to Read,True
145,Currently Reading,False
145,Whatever Mother Standard Writer School,True
146,Favorites,False
146,Has Read,False
146,Wants to Read,True
146,Currently Reading,True
146,Get International Question Watch Capital,False
146,Music Everything Study Policy Goal,False
147,Favorites,False
147,Has Read,True
147,Wants to Read,False
147,Currently Reading,False
147,Section Create Quickly Anything Range Keep,True
147,Card Sing Any Sometimes Remember Rule,False
147,Process Huge Economic These Remember,True
147,Nothing Economy Message,False
148,Favorites,True
148,Has Read,False
148,Wants to Read,True
148,Currently Reading,True
149,Favorites,False
149,Has Read,False
149,Wants to Read,False
149,Currently Reading,False
149,Many Ball Ever,True
149,Indicate Sign My Write Share,True
150,Favorites,False
150,Has Read,True
150,Wants to Read,True
150,Currently Reading,True
151,Favorites,True
151,Has Read,False
151,Wants to Read,True
151,Currently Reading,False
151,Eat Officer Our Of,True
151,Agree Author Attention,True
151,Company Leg Until,False
151,Exist Consider Budget,True
152,Favorites,True
152,Has Read,True
152,Wants to Read,True
152,Currently Reading,False
152,Good Contain Democrat Area Film She,True
153,Favorites,True
153,Has Read,True
153,Wants to Read,False
153,Currently Reading,True
153,Page Republican Assume Possible Less Through,False
153,World Sense Energy Contain Onto,False
153,Who Commercial Media Whom Here,True
154,Favorites,True
154,Has Read,True
154,Wants to Read,False
154,Currently Reading,True
154,Letter Fund Himself,False
155,Favorites,True
155,Has Read,True
155,Wants to Read,True
155,Currently Reading,False
155,Message Write Friend Wind Garden,False
155,Group Mention Though,True
155,According Increase Expert,False
155,Red Operation Stand,False
155,Remember Election Possible Who Early,False
156,Favorites,False
156,Has Read,True
156,Wants to Read,True
156,Currently Reading,False
156,Direction Total Majority Force,False
156,Father Style Mr,False
156,Reach Charge Stage Economy,True
157,Favorites,True
157,Has Read,False
157,Wants to Read,True
157,Currently Reading,True
157,Interesting Cup Involve Conference How,False
157,Painting Note Science Quickly Poor,True
157,Point Do Rate,False
157,Two Necessary More,True
157,But Discuss Practice Specific,False
158,Favorites,False
158,Has Read,False
158,Wants to Read,True
158,Currently Reading,False
158,Type Which Already Score Production Early,True
158,Food Occur Camera Soldier Work,False
158,Doctor Body All,True
158,Traditional Particularly Free,True
158,Glass News Whether Newspaper Small Happen,False
159,Favorites,False
159,Has Read,True
159,Wants to Read,False
159,Currently Reading,False
159,Organization Hospital House Remember Build Matter,True
159,Suggest He Authority Focus Sometimes Scene,True
159,Man Science Relationship It For,False
159,Claim Question They Almost,True
159,Who Business Popular,True
160,Favorites,False
160,Has Read,True
160,Wants to Read,False
160,Currently Reading,True
160,Per What Industry Spend Meeting,False
161,Favorites,True
161,Has Read,True
161,Wants to Read,True
161,Currently Reading,False
161,Remain Energy Drug Off Six,True
161,General Term Question Size,True
161,Specific Mention Support Tv,False
161,Drop Out White Daughter Fish Cup,True
161,Interview Environmental Size,True
162,Favorites,False
162,Has Read,False
162,Wants to Read,True
162,Currently Reading,False
162,Assume Break Discover Painting Operation,True
162,Despite Fill Career,False
163,Favorites,False
163,Has Read,False
163,Wants to Read,False
163,Currently Reading,True
163,Character Various Two Research,True
163,Radio Sound Race,False
163,Keep Process Treatment Range Case,False
163,Determine In Central Believe,False
164,Favorites,False
164,Has Read,False
164,Wants to Read,False
164,Currently Reading,False
164,Affect Win Have Fish Provide,False
164,Perhaps Away Own Enjoy,False
164,Current Visit Reduce Certainly Pretty Serious,True
165,Favorites,True
165,Has Read,True
165,Wants to Read,False
165,Currently Reading,False
165,Red Water Space Include,True
166,Favorites,False
166,Has Read,False
166,Wants to Read,False
166,Currently Reading,False
166,Receive World Scientist Reach,True
166,Trouble Town Shoulder Staff Hope Care,False
166,Building Assume Although,True
166,Own Daughter Case Life,False
167,Favorites,False
167,Has Read,False
167,Wants to Read,False
167,Currently Reading,False
167,She Poor Someone Tell,False
167,Street Feel Stock Star North,True
168,Favorites,True
168,Has Read,True
168,Wants to Read,False
168,Currently Reading,True
169,Favorites,True
169,Has Read,True
169,Wants to Read,True
169,Currently Reading,True
169,Film Cultural Very Thought Raise New,False
170,Favorites,False
170,Has Read,False
170,Wants to Read,True
170,Currently Reading,False
170,Book Fire The,True
171,Favorites,True
171,Has Read,False
171,Wants to Read,False
171,Currently Reading,False
171,Particular Clear Free Evidence,True
172,Favorites,True
172,Has Read,False
172,Wants to Read,True
172,Currently Reading,True
172,Official Show Customer,True
172,Plan Short Collection Their Purpose Benefit,True
172,Born Piece Plan Bank,True
172,Task Able Heavy Lot,True
173,Favorites,False
173,Has Read,True
173,Wants to Read,False
173,Currently Reading,True
173,Test Professor Goal Claim Machine Cell,False
173,Decide View Computer,True
173,College Yet Lay Current,False
173,Election Adult New Probably Return Operation,False
174,Favorites,False
174,Has Read,False
174,Wants to Read,True
174,Currently Reading,False
174,Able Himself Energy Sound Give Single,False
174,Kid Model Than Gas Anyone Lead,True
174,Might Doctor Head,False
174,Account Court Black News Success Money,True
174,Tax Yeah Four Material Daughter,False
175,Favorites,True
175,Has Read,True
175,Wants to Read,True
175,Currently Reading,False
175,Human Two Fine Condition List Inside,True
175,Sea Media Affect,False
176,Favorites,False
176,Has Read,True
176,Wants to Read,True
176,Currently Reading,True
176,Its Wish Shoulder Analysis Space Nothing,False
176,Recently High Team Southern Arrive Second,True
176,Art Size Citizen,False
176,East Where Purpose,True
177,Favorites,True
177,Has Read,True
177,Wants to Read,True
177,Currently Reading,True
177,Help They Term,True
177,Dog Challenge Stock Current Standard,False
178,Favorites,True
178,Has Read,False
178,Wants to Read,True
178,Currently Reading,True
178,West School Food,False
178,Product Decade Indicate Risk,True
179,Favorites,False
179,Has Read,True
179,Wants to Read,True
179,Currently Reading,False
179,Easy Especially Card,True
179,Follow Coach Federal,False
179,Born Theory But Executive Type Best,True
179,More Side Increase Majority Thank,False
180,Favorites,False
180,Has Read,True
180,Wants to Read,False
180,Currently Reading,True
180,Foreign Generation Environmental Market Find,True
180,Space Model Thing Write Age,False
180,Do Affect Would Purpose,False
180,Government Eye Cause Policy Include,True
181,Favorites,False
181,Has Read,True
181,Wants to Read,True
181,Currently Reading,True
181,Agency Dream Society,True
181,Our New Knowledge It Hundred May,True
181,Set Heavy Range Some Issue,False
181,More Course Food Think,False
182,Favorites,False
182,Has Read,False
182,Wants to Read,False
182,Currently Reading,False
182,Participant Travel Budget Local My Father,False
182,Do Cup Ability Physical Hair,True
182,Building Across Pretty,True
182,Miss Opportunity Hope Government Will,False
183,Favorites,False
183,Has Read,False
183,Wants to Read,True
183,Currently Reading,False
183,Claim Accept Put Wall,False
183,Onto Onto Against,True
183,Which Plan Western This,False
184,Favorites,True
184,Has Read,False
184,Wants to Read,False
184,Currently Reading,False
184,Take Data Parent,True
184,Whole Debate Create Economic Fight,True
184,Able Know Tend Need Care,True
184,Alone Cell Attorney,False
184,Relationship Official Computer Campaign East,True
185,Favorites,True
185,Has Read,True
185,Wants to Read,True
185,Currently Reading,False
185,Present Weight Court First,True
185,Rather Drop General Fire,True
185,Language Traditional Half Goal People,False
185,Particular Not Better World Significant Long,True
186,Favorites,False
186,Has Read,False
186,Wants to Read,True
186,Currently Reading,False
186,Girl Result Grow Save,True
186,Attorney International Prove Itself Assume Herself,True
186,Marriage His Close Choice Trial Artist,True
186,Total Product Feel Scene,True
186,Set Interview Rate,True
187,Favorites,False
187,Has Read,True
187,Wants to Read,False
187,Currently Reading,False
188,Favorites,False
188,Has Read,False
188,Wants to Read,True
188,Currently Reading,False
188,Spring None Bar Form Cost Person,False
188,Speak Teach Apply,False
188,Her Television Large Rich,True
188,Activity Down Coach Night,False
188,Top Cell Plan Business,True
189,Favorites,True
189,Has Read,True
189,Wants to Read,True
189,Currently Reading,True
189,Risk Gun Short One,True
189,Note Field There Surface Just Material,True
189,Far Heart Animal Miss Consumer Wide,False
189,Necessary Drop Couple Model Glass,False
190,Favorites,True
190,Has Read,True
190,Wants to Read,False
190,Currently Reading,False
190,Democrat Laugh Simple Sense Store So,False
190,Be Treat Gun Physical Scene,False
191,Favorites,True
191,Has Read,False
191,Wants to Read,True
191,Currently Reading,True
191,Consumer No Get News Answer Pass,False
191,Home Body Entire Process,False
191,Feeling Threat Government Kitchen,True
191,Force Owner Protect Remain Give Full,False
191,Walk Side Shoulder,False
192,Favorites,True
192,Has Read,False
192,Wants to Read,False
192,Currently Reading,True
192,Low Little Mean Service,False
192,Operation Able As,False
192,Myself Involve Share Difference North,False
193,Favorites,False
193,Has Read,True
193,Wants to Read,True
193,Currently Reading,True
194,Favorites,False
194,Has Read,False
194,Wants to Read,False
194,Currently Reading,False
194,Long Rock Southern,False
194,Push Word This Modern Spend Federal,False
195,Favorites,True
195,Has Read,False
195,Wants to Read,True
195,Currently Reading,False
195,No Reveal Month Debate,True
195,Floor Hot Five Heart,False
195,Stock Suggest City Side Financial Rise,True
196,Favorites,False
196,Has Read,True
196,Wants to Read,False
196,Currently Reading,True
196,Quickly Another Information Hundred,False
196,Your Least Light,False
197,Favorites,False
197,Has Read,True
197,Wants to Read,False
197,Currently Reading,True
197,Why High Cup Office,False
198,Favorites,True
198,Has Read,False
198,Wants to Read,True
198,Currently Reading,True
198,Trial Condition Own Forget Head,False
198,At Know Attention Consider Theory,True
199,Favorites,True
199,Has Read,True
199,Wants to Read,True
199,Currently Reading,False
199,Likely Us Even Statement Green,True
199,To Nice Decide Degree Glass Their,True
199,Take Write Level Dog Present So,True
199,Suddenly Land Occur Game Often Clearly,True
200,Favorites,True
200,Has Read,False
200,Wants to Read,True
200,Currently Reading,True
200,One Agreement Stock,True
200,Lay Career About Deep,True
201,Favorites,True
201,Has Read,True
201,Wants to Read,False
201,Currently Reading,False
201,Day Boy Consider Yourself,True
202,Favorites,True
202,Has Read,True
202,Wants to Read,True
202,Currently Reading,False
202,Stand Forget Upon Job,True
202,Behavior Raise Certain,False
203,Favorites,True
203,Has Read,True
203,Wants to Read,True
203,Currently Reading,False
203,North Walk Travel,True
203,In Despite Catch,False
204,Favorites,False
204,Has Read,False
204,Wants to Read,True
204,Currently Reading,True
204,Difference Budget Grow,False
204,Measure Card Against Continue Ask,True
205,Favorites,True
205,Has Read,False
205,Wants to Read,True
205,Currently Reading,True
206,Favorites,True
206,Has Read,True
206,Wants to Read,False
206,Currently Reading,False
206,Particularly Consumer Type Walk,False
206,Change Large Reason Remember,False
206,Above As Wear,False
206,Raise Public Recognize Hour Explain Here,False
206,Special Course Line Expert Consumer,False
207,Favorites,False
207,Has Read,False
207,Wants to Read,False
207,Currently Reading,True
207,Page Write Word You,True
208,Favorites,False
208,Has Read,True
208,Wants to Read,False
208,Currently Reading,False
208,Focus Major Anything Practice,True
208,Large Security Treat Movie,True
208,Enter As Size Some,True
209,Favorites,True
209,Has Read,True
209,Wants to Read,True
209,Currently Reading,True
209,Management Group Visit Collection,True
209,Report Worker Include,True
209,Single Season Strategy Suddenly,True
209,Magazine Institution Society,False
210,Favorites,False
210,Has Read,False
210,Wants to Read,True
210,Currently Reading,True
211,Favorites,True
211,Has Read,False
211,Wants to Read,True
211,Currently Reading,True
211,Beautiful Develop Throughout Believe,False
212,Favorites,True
212,Has Read,True
212,Wants to Read,False
212,Currently Reading,False
212,Nice Have Car Upon Great So,True
212,Room And Wear,False
212,Begin Dinner Student Official Yard,True
212,Myself Character Another Expert,True
213,Favorites,False
213,Has Read,True
213,Wants to Read,False
213,Currently Reading,False
213,Particularly Article Night,True
213,Student Image By,True
213,Population Particular Board Expert Officer Training,False
214,Favorites,True
214,Has Read,True
214,Wants to Read,False
214,Currently Reading,False
214,Skill Seven How Network Rather,True
214,Hear Over Exist Very Be Doctor,False
214,Couple Main Scene,True
214,Data Indicate Economy Management Clearly,True
214,Field Either Price,True
215,Favorites,True
215,Has Read,True
215,Wants to Read,True
215,Currently Reading,True
215,Cost Edge Option Manager,False
216,Favorites,True
216,Has Read,True
216,Wants to Read,True
216,Currently Reading,True
216,Person Pay Itself Debate Middle Exactly,False
216,Call Art Television Few,True
216,Pretty Himself Pretty Head Reduce Read,True
216,Week Enjoy Lose Address Economy,True
216,Way At Window Himself Once Yet,False
217,Favorites,True
217,Has Read,False
217,Wants to Read,False
217,Currently Reading,False
217,Statement Fear Seek Music,True
217,Property Candidate Break Real,True
217,Culture Left Water Trouble Mind Seven,True
218,Favorites,False
218,Has Read,True
218,Wants to Read,True
218,Currently Reading,False
219,Favorites,True
219,Has Read,False
219,Wants to Read,True
219,Currently Reading,False
219,Dream Spring Quickly Personal Wish,True
219,Goal Center Management,False
220,Favorites,True
220,Has Read,False
220,Wants to Read,False
220,Currently Reading,False
220,End Age Both School Clearly,False
220,Together Pick Officer Choice,False
221,Favorites,False
221,Has Read,False
221,Wants to Read,False
221,Currently Reading,False
221,Day Different Could Major Eight Cell,True
221,Institution Main Dream Standard,True
222,Favorites,True
222,Has Read,True
222,Wants to Read,True
222,Currently Reading,True
222,Style Realize Discover Carry Almost,False
222,Environment Large Church,False
223,Favorites,True
223,Has Read,True
223,Wants to Read,False
223,Currently Reading,False
223,Page Identify Where Be Decade,False
223,Leave Attention Condition Training,True
224,Favorites,True
224,Has Read,False
224,Wants to Read,True
224,Currently Reading,True
224,Plant Expert We,True
225,Favorites,True
225,Has Read,True
225,Wants to Read,False
225,Currently Reading,False
225,As Day Turn Create,False
225,Management Light Believe Teach Day Strategy,True
225,Money Identify Want Rock Team,True
225,Letter At Summer Forget Marriage,False
226,Favorites,True
226,Has Read,False
226,Wants to Read,False
226,Currently Reading,True
226,Lead Look Office Return Head,True
226,End Onto Likely Wall,False
226,Avoid Agree Level,True
226,Gun Much Window Process Mean,False
227,Favorites,False
227,Has Read,False
227,Wants to Read,False
227,Currently Reading,True
227,Hand Natural Health Forget End Whether,False
227,Maintain Program Final Join Free Pm,True
228,Favorites,False
228,Has Read,False
228,Wants to Read,True
228,Currently Reading,False
228,Support Free Common House Collection Identify,False
228,Leader Help Man Similar,True
228,Under Sound Hand,True
228,Author Enter Another Final,True
229,Favorites,True
229,Has Read,True
229,Wants to Read,False
229,Currently Reading,False
229,Single Weight Beyond Again,True
229,Beat Create Old Similar Place Song,False
229,Challenge Often He Citizen,False
230,Favorites,True
230,Has Read,False
230,Wants to Read,False
230,Currently Reading,False
230,Drive Able Air,True
230,Instead Could Opportunity Industry,True
230,Foreign Before Staff,False
230,Soon About Answer Entire Audience Bit,True
230,Decide Themselves Support,False
231,Favorites,False
231,Has Read,True
231,Wants to Read,True
231,Currently Reading,True
231,Cup Important Action,True
231,Source Role Light See,True
231,Almost Build Language Possible Their,True
231,Begin First Better Kitchen Tell,False
231,International Information Social Fast Myself East,False
232,Favorites,False
232,Has Read,False
232,Wants to Read,True
232,Currently Reading,False
232,Free Mr Type Idea List,True
232,Sea Cultural Campaign,True
232,Plant Appear Finish Effort Miss Hope,True
232,Cost Listen At,True
233,Favorites,True
233,Has Read,False
233,Wants to Read,False
233,Currently Reading,True
234,Favorites,True
234,Has Read,False
234,Wants to Read,True
234,Currently Reading,False
234,Huge Pressure Party Image,True
234,While Everything Us Fact Reduce,True
234,Control Side Although,False
235,Favorites,True
235,Has Read,False
235,Wants to Read,False
235,Currently Reading,False
235,Off Community Resource Source,True
235,Although Increase Indeed Exist Put,False
235,Discussion Vote Chance Pretty,True
235,Over Difficult Part Nature East Attack,False
235,Myself Industry Stand Without,True
236,Favorites,False
236,Has Read,False
236,Wants to Read,True
236,Currently Reading,True
236,Research Sister Expert,True
236,Your Himself Institution,False
236,Management Others Professional Hand Do,True
236,Try Morning American Success Might Final,True
236,Must Also Speech Cold Certain,False
237,Favorites,False
237,Has Read,True
237,Wants to Read,True
237,Currently Reading,True
237,Money Party Option Conference,False
237,Question General Work Represent Between,True
237,Continue President Peace Call Increase,True
238,Favorites,False
238,Has Read,True
238,Wants to Read,False
238,Currently Reading,True
238,Attack Decade Stock Indeed She Speak,False
238,Girl Head Ball Seem Professional,False
238,Believe Decade Project Example Once,False
239,Favorites,True
239,Has Read,True
239,Wants to Read,False
239,Currently Reading,True
239,Business Before Design,False
239,Court Western Subject Such,True
240,Favorites,True
240,Has Read,False
240,Wants to Read,True
240,Currently Reading,False
240,Just Campaign Either,True
240,Player Or Recognize,False
241,Favorites,False
241,Has Read,False
241,Wants to Read,True
241,Currently Reading,False
241,Agent Job Usually Sell Show Eye,False
241,Understand Bed Step Full,True
241,Action Sound Piece Contain It Practice,False
242,Favorites,True
242,Has Read,False
242,Wants to Read,True
242,Currently Reading,False
242,Sign Fly This Go,False
242,Material Three Cause,False
243,Favorites,True
243,Has Read,False
243,Wants to Read,False
243,Currently Reading,False
243,Particularly Among Suggest Keep,True
243,Catch Become More First Here End,False
243,Person Policy Find,True
243,Series Contain None Green Popular,False
243,Son Without Instead Together Measure Strategy,False
244,Favorites,False
244,Has Read,True
244,Wants to Read,False
244,Currently Reading,False
244,International Within Price Send Ten Office,False
244,Growth Single Ahead Clear News,False
244,Modern Return Writer Establish Seem Individual,False
244,Push Floor Example,True
244,Which End Herself Blue Government,False
245,Favorites,False
245,Has Read,True
245,Wants to Read,True
245,Currently Reading,False
245,Serious Cold Mention,True
246,Favorites,False
246,Has Read,False
246,Wants to Read,True
246,Currently Reading,False
246,Into Than Stuff,False
247,Favorites,False
247,Has Read,True
247,Wants to Read,False
247,Currently Reading,True
247,Involve Guy Idea Order Really Expect,True
247,Would Agent Visit Fire Guess Mrs,False
247,Science Stay Huge,False
247,Federal Office Whom Suffer Discuss,False
248,Favorites,False
248,Has Read,True
248,Wants to Read,False
248,Currently Reading,False
248,Sea Nature Full Check,True
248,Read Difference Shoulder Back Himself Prove,True
249,Favorites,True
249,Has Read,False
249,Wants to Read,True
249,Currently Reading,False
249,Hospital Current Expect Someone Mother,False
249,Letter Later Upon Black Under Language,False
249,Cell Believe Environmental Style Various,True
250,Favorites,False
250,Has Read,False
250,Wants to Read,True
250,Currently Reading,True
250,Of Community Raise Top Charge,True
250,Talk Another Capital Improve While Gun,False
250,Media Size Value Decision,False
250,System Officer Claim Yet Drive,True
250,Present Order They Yeah,False
251,Favorites,True
251,Has Read,True
251,Wants to Read,True
251,Currently Reading,True
251,Join Appear Able,True
251,Difficult Often Environment,False
251,Investment Our Share,True
252,Favorites,True
252,Has Read,True
252,Wants to Read,False
252,Currently Reading,False
252,Power Visit Through Market Probably,False
252,Almost Play Especially,False
252,Short Upon Get Much,True
252,Reveal Scene Beautiful Appear,False
252,Sign Billion Soldier Cause Bank Industry,True
253,Favorites,True
253,Has Read,True
253,Wants to Read,False
253,Currently Reading,False
253,Politics Ok Long Consider,True
253,Detail Decade Care,True
253,Focus Have Market Dog Science,False
253,During Challenge Join,True
254,Favorites,True
254,Has Read,True
254,Wants to Read,True
254,Currently Reading,False
254,Like On Less Or Or Nice,False
254,Talk Next Significant Act Relationship,True
254,Why More Business,True
254,Fight Item Particular,True
255,Favorites,True
255,Has Read,False
255,Wants to Read,False
255,Currently Reading,True
255,Natural Military Scientist,True
255,Resource Charge Series Always,True
255,Edge Myself With,False
255,What Born Instead Wind Their Century,False
255,Him School Say Decision House Soldier,False
256,Favorites,True
256,Has Read,True
256,Wants to Read,True
256,Currently Reading,False
256,Finish Notice Oil Situation Instead Trip,False
256,Street Final Important Majority,True
256,Crime Lot Let Wind Become Anything,False
256,Computer Would Today Ready,False
257,Favorites,False
257,Has Read,False
257,Wants to Read,False
257,Currently Reading,True
258,Favorites,False
258,Has Read,False
258,Wants to Read,True
258,Currently Reading,False
258,A Each Maintain Card,True
258,Own Mean Medical Least Politics Site,False
258,Southern Care Any,False
259,Favorites,False
259,Has Read,False
259,Wants to Read,True
259,Currently Reading,False
259,Evidence Ahead Somebody Cut,True
260,Favorites,False
260,Has Read,True
260,Wants to Read,True
260,Currently Reading,True
260,American Social Floor Treat Theory Parent,True
260,Alone Mission Per Father Marriage Head,True
261,Favorites,True
261,Has Read,False
261,Wants to Read,True
261,Currently Reading,True
261,Himself Scene Increase,False
261,Policy Federal Middle Law,False
261,Help Upon Challenge And Set,False
261,Draw Might Develop Spring Director Child,True
261,Official Improve Boy Song Beyond Learn,True
262,Favorites,False
262,Has Read,False
262,Wants to Read,True
262,Currently Reading,False
263,Favorites,True
263,Has Read,True
263,Wants to Read,False
263,Currently Reading,False
263,Throw Per Down,False
263,Music Key From Police Interesting,False
264,Favorites,False
264,Has Read,True
264,Wants to Read,True
264,Currently Reading,True
264,White Instead Blue Choice Nation Town,True
264,South Since Hotel Join,True
264,In Mr Chance Line Little One,False
264,Hold Cell Each,False
265,Favorites,True
265,Has Read,False
265,Wants to Read,False
265,Currently Reading,False
265,Happen Right Executive Feel Magazine,True
265,Last Send Style Thing Heart,True
266,Favorites,False
266,Has Read,False
266,Wants to Read,False
266,Currently Reading,True
266,Wide Job Than Send,False
266,Chance Of Return Far,False
266,Pattern Chance Effort Do,True
266,Affect System Message Politics Key,False
267,Favorites,False
267,Has Read,True
267,Wants to Read,False
267,Currently Reading,False
267,Give Receive Require Head,True
267,Shoulder Local Sometimes,False
268,Favorites,False
268,Has Read,True
268,Wants to Read,False
268,Currently Reading,True
268,Then Individual All Easy,False
269,Favorites,True
269,Has Read,True
269,Wants to Read,True
269,Currently Reading,False
269,He Throughout According Analysis Foreign Result,True
269,Care East Several,True
270,Favorites,True
270,Has Read,True
270,Wants to Read,True
270,Currently Reading,True
270,About Really The Nor Certainly Scene,False
270,Detail Among Hotel Action,True
270,Once Building And Blue Despite,False
271,Favorites,False
271,Has Read,True
271,Wants to Read,False
271,Currently Reading,True
271,Ball Each Necessary Eye,False
271,Democratic Food Parent Ground Interview,False
271,True Degree End Dark Five More,True
271,Ahead Necessary Life Remember Offer Deep,False
271,Only Let Project Share,False
272,Favorites,True
272,Has Read,False
272,Wants to Read,False
272,Currently Reading,False
272,Level Pass Police Inside Morning,True
273,Favorites,True
273,Has Read,False
273,Wants to Read,True
273,Currently Reading,False
273,Food Top Consider Common,False
273,Account Leader Road,True
274,Favorites,False
274,Has Read,False
274,Wants to Read,False
274,Currently Reading,False
274,Single Floor Project Try Expert Single,True
275,Favorites,False
275,Has Read,False
275,Wants to Read,False
275,Currently Reading,True
275,Despite Bag Political Southern Crime,True
275,Quality Which Cold Chance,False
275,Art Experience So Together Opportunity,True
275,Life Tend Six Employee,False
275,Role However Account Describe Others,True
276,Favorites,True
276,Has Read,True
276,Wants to Read,True
276,Currently Reading,True
276,Base Finally Phone,False
276,Important May Walk Away,False
276,Treat Help Like Civil,False
276,Sometimes Six Defense Same Image,False
276,Science Rate Coach Whole,False
277,Favorites,False
277,Has Read,False
277,Wants to Read,False
277,Currently Reading,True
277,Concern Often Leave Low Already Could,True
278,Favorites,False
278,Has Read,True
278,Wants to Read,False
278,Currently Reading,True
279,Favorites,True
279,Has Read,True
279,Wants to Read,False
279,Currently Reading,True
279,Industry Take Concern Reduce State Or,True
279,Either Perform Glass Push Word Major,True
280,Favorites,False
280,Has Read,True
280,Wants to Read,True
280,Currently Reading,True
280,Teacher Player Data,False
280,Another Week Plan,False
280,Sea Leg Whose Edge,False
280,Commercial Meet Change Station Miss,False
280,Note Wide Such Offer,True
281,Favorites,True
281,Has Read,False
281,Wants to Read,True
281,Currently Reading,True
281,Wind Actually Along Whole Lose,True
281,Show Simply Board Involve Life,True
282,Favorites,True
282,Has Read,True
282,Wants to Read,False
282,Currently Reading,True
282,Policy Account Million Same,False
283,Favorites,False
283,Has Read,True
283,Wants to Read,False
283,Currently Reading,False
283,Three Central Today Watch Bit Natural,False
283,Specific Four Child Stock,True
283,Relationship Toward Firm Adult Her,False
283,Property Particularly Nothing Social,True
283,He Unit Action Sell,True
284,Favorites,False
284,Has Read,False
284,Wants to Read,False
284,Currently Reading,True
284,Color Executive Little,False
284,Laugh Economy Attention Capital Power,True
284,Each Safe Start Wear,True
285,Favorites,False
285,Has Read,True
285,Wants to Read,False
285,Currently Reading,False
285,Front Among Analysis Quality,True
286,Favorites,False
286,Has Read,False
286,Wants to Read,True
286,Currently Reading,True
286,Field Commercial Single Body Last Difference,False
287,Favorites,False
287,Has Read,True
287,Wants to Read,True
287,Currently Reading,True
287,There Popular Imagine,False
287,Up Without Bring Against,False
287,Perhaps Attorney Book,True
288,Favorites,True
288,Has Read,False
288,Wants to Read,False
288,Currently Reading,False
288,Ago Truth Reflect Run Often Manager,True
288,Foreign Indeed Especially Building,False
288,Full Commercial Run,True
288,How Glass Subject On,True
288,Stop Law Difficult Page,True
289,Favorites,True
289,Has Read,False
289,Wants to Read,False
289,Currently Reading,False
289,Conference Line Manage Movement Apply Always,False
289,Down Personal Many Message Ball,False
289,Enough Usually Song,False
289,Eight Practice Especially View Away,False
290,Favorites,False
290,Has Read,False
290,Wants to Read,True
290,Currently Reading,True
290,Maintain Mouth Central Walk Feel,False
290,Edge Stand Across,False
290,Could Play Food His Market,True
290,Treat Up Life Later,True
291,Favorites,False
291,Has Read,True
291,Wants to Read,True
291,Currently Reading,True
291,Meet Report Add Chance Area,True
291,Change On Statement Thing Impact Apply,False
291,Set Do Leave Important Go,False
291,Indicate Feel Executive Man Space,False
292,Favorites,False
292,Has Read,True
292,Wants to Read,True
292,Currently Reading,True
292,News Bank Until Perform Water Again,True
292,Fill Sea Not Should,True
292,Low Page Green,False
292,Theory Consider Ago Appear Seek,True
292,Cell Majority Another Film,False
293,Favorites,False
293,Has Read,True
293,Wants to Read,True
293,Currently Reading,True
293,Myself Provide Condition Ago Design If,True
293,His Movement Factor Deal My,True
293,Executive Stand Meeting Thing Return,True
293,School Catch Scene Much Arm Five,True
294,Favorites,True
294,Has Read,False
294,Wants to Read,True
294,Currently Reading,False
295,Favorites,False
295,Has Read,False
295,Wants to Read,False
295,Currently Reading,False
295,Certainly Capital Space Work Blue,False
295,Everyone Difference Candidate Reality Indeed,False
295,Senior Role Medical Form Debate,True
295,Industry House Lawyer,True
296,Favorites,True
296,Has Read,False
296,Wants to Read,False
296,Currently Reading,False
296,List Line Ball Would Continue,True
296,Affect Study Analysis,True
297,Favorites,False
297,Has Read,False
297,Wants to Read,True
297,Currently Reading,True
297,Type Say Chance Model Each Behavior,False
297,Organization Operation Ready Hand,True
298,Favorites,False
298,Has Read,False
298,Wants to Read,False
298,Currently Reading,False
299,Favorites,False
299,Has Read,True
299,Wants to Read,False
299,Currently Reading,True
300,Favorites,False
300,Has Read,True
300,Wants to Read,False
300,Currently Reading,False
300,Seek Across Environmental Million Audience Dream,True
300,Discuss Population Him Heavy National,False
300,Book One Election,False
300,Program Skill Positive Cut,True
301,Favorites,True
301,Has Read,False
301,Wants to Read,False
301,Currently Reading,True
301,Issue Class Detail,True
301,Air Despite Spring Gun Support Central,True
301,Television Onto Top Mean,False
301,Positive Stock Decade During Wide Determine,False
302,Favorites,True
302,Has Read,True
302,Wants to Read,False
302,Currently Reading,False
302,Sense Other Black,True
303,Favorites,False
303,Has Read,True
303,Wants to Read,True
303,Currently Reading,False
303,Scientist Reach Unit Between Strategy,False
303,Election Democrat Measure Rate Million,True
304,Favorites,True
304,Has Read,False
304,Wants to Read,False
304,Currently Reading,True
304,Must Policy Answer Seem,True
304,Both Western Approach Military Rate,True
305,Favorites,False
305,Has Read,True
305,Wants to Read,True
305,Currently Reading,True
305,Technology Moment Because Information Decade,False
305,Customer Camera Company Moment,False
306,Favorites,False
306,Has Read,True
306,Wants to Read,False
306,Currently Reading,False
306,Approach Range Significant Create Sure Morning,True
306,About Single Speech Recognize Item More,True
306,Accept Run Contain,False
307,Favorites,True
307,Has Read,True
307,Wants to Read,True
307,Currently Reading,True
307,Authority Standard Decade Policy Campaign,True
307,Particularly Television Stage,False
307,Character Western Term Two Through Baby,False
307,Court Sport Lose Newspaper Popular,False
308,Favorites,False
308,Has Read,True
308,Wants to Read,True
308,Currently Reading,True
308,It Rise Full Degree Mean Window,False
308,National Those Lawyer Friend Serve Reality,True
308,Live Professor Pick Lot,True
308,Politics Physical Nature Much Them,True
309,Favorites,True
309,Has Read,False
309,Wants to Read,False
309,Currently Reading,False
309,Specific Eight Trade Life,False
309,Word Look Country Police,True
309,Move Exist Better Bad,False
310,Favorites,True
310,Has Read,True
310,Wants to Read,True
310,Currently Reading,True
310,Marriage Region High Wind All Happen,True
310,Sit Audience Teach,False
310,Deal Reach Place Air Without Until,True
311,Favorites,True
311,Has Read,True
311,Wants to Read,False
311,Currently Reading,True
312,Favorites,False
312,Has Read,False
312,Wants to Read,True
312,Currently Reading,False
312,Network Admit Letter Tax,True
312,Pick Point Reality Prove Child Research Detail,True
313,Favorites,True
313,Has Read,False
313,Wants to Read,True
313,Currently Reading,False
313,During Fill Region Voice,True
314,Favorites,True
314,Has Read,True
314,Wants to Read,True
314,Currently Reading,True
314,Draw Treat Central,False
314,Hand First Throughout,False
314,Job Thank Star Bad,True
315,Favorites,False
315,Has Read,False
315,Wants to Read,True
315,Currently Reading,True
315,Service Threat Fight,True
315,Lawyer Fund Local Those Education Water,False
315,Democratic Impact Wonder Each Carry Three,True
315,Seat Note Bed,False
315,Father Dinner Figure,False
316,Favorites,False
316,Has Read,True
316,Wants to Read,True
316,Currently Reading,False
316,Although Rock Wear Agree,False
316,Cause Sort Cover Try Such Worry,False
316,Experience Space News,False
317,Favorites,True
317,Has Read,False
317,Wants to Read,True
317,Currently Reading,True
317,Follow Cultural Fund May Training Which,True
317,Machine Look Number Public,False
317,Even Adult Fish,False
317,Environmental Authority Bill Fire Our,True
317,Realize Thus Carry Town Perform,False
318,Favorites,False
318,Has Read,False
318,Wants to Read,True
318,Currently Reading,True
319,Favorites,False
319,Has Read,True
319,Wants to Read,False
319,Currently Reading,True
320,Favorites,False
320,Has Read,True
320,Wants to Read,True
320,Currently Reading,False
320,Wind Activity Gun Image Site,True
320,Radio Technology Participant Certainly Region Character,True
321,Favorites,False
321,Has Read,False
321,Wants to Read,False
321,Currently Reading,False
321,Large Threat Range Head,False
321,Kid Short Without Rest Doctor Real,False
321,Hair Notice Various,True
322,Favorites,True
322,Has Read,True
322,Wants to Read,True
322,Currently Reading,False
322,Rule Hair Player Consumer,True
322,Pressure Teach Create Business Garden,False
323,Favorites,False
323,Has Read,True
323,Wants to Read,False
323,Currently Reading,False
323,Pull Quite Service As,False
323,Bed Happy Discussion Brother,False
323,Fact Operation Hard Direction See,True
323,Situation Plant Imagine,False
323,Property Sing Market Choice Player Career,True
324,Favorites,False
324,Has Read,True
324,Wants to Read,True
324,Currently Reading,True
324,Staff After Size,False
324,Although Easy Officer Investment Read,False
324,Want Walk Pretty It Loss,False
325,Favorites,False
325,Has Read,False
325,Wants to Read,True
325,Currently Reading,False
325,Between Time Group Save Than Someone,False
325,Letter Standard Kid Address Other,True
325,Per Leave Front Indicate Southern Ability,False
325,Toward Real Long Student That Stock,True
326,Favorites,True
326,Has Read,True
326,Wants to Read,False
326,Currently Reading,True
327,Favorites,True
327,Has Read,True
327,Wants to Read,False
327,Currently Reading,True
327,Save Energy Seem Century Region,True
327,Your Late Goal Back,False
327,Piece Hear Including,False
327,Represent Safe Beyond Explain,True
327,Market Seem Benefit Field Sometimes Upon,False
328,Favorites,False
328,Has Read,False
328,Wants to Read,False
328,Currently Reading,False
328,Day Add Eye Hotel Value,False
328,Democratic Cold Player Bank Simply Artist,True
328,Above Modern Clear Discover Majority Position,False
328,Media Once Base Race,True
329,Favorites,False
329,Has Read,True
329,Wants to Read,True
329,Currently Reading,False
329,Management Pressure Next Establish Security Spend,False
329,Arm Alone Never Reveal,True
329,Professional Present Artist Expert,True
330,Favorites,True
330,Has Read,True
330,Wants to Read,True
330,Currently Reading,True
331,Favorites,False
331,Has Read,True
331,Wants to Read,False
331,Currently Reading,True
331,Mention Cause Face,False
331,Woman Worry You Good,False
331,Note In Box Any,True
331,Budget Ok Produce Support Religious,False
332,Favorites,True
332,Has Read,True
332,Wants to Read,True
332,Currently Reading,False
333,Favorites,False
333,Has Read,False
333,Wants to Read,True
333,Currently Reading,True
333,Bank Wide Less,True
333,Sense Positive Half,False
333,Concern Sea Two Conference,True
334,Favorites,True
334,Has Read,True
334,Wants to Read,False
334,Currently Reading,False
334,Reason Well Police Now,False
335,Favorites,False
335,Has Read,True
335,Wants to Read,False
335,Currently Reading,True
335,Outside Mouth Itself,False
335,Huge Couple Money Anything,True
335,Onto Apply Use Government,True
335,Account Three Woman,False
335,Office Job Analysis Tv,True
336,Favorites,True
336,Has Read,True
336,Wants to Read,False
336,Currently Reading,True
336,Religious Go Believe True,True
336,Amount Color Body,False
337,Favorites,True
337,Has Read,True
337,Wants to Read,True
337,Currently Reading,True
337,During Political Fine Customer Either,True
337,About Return Laugh Administration Fish,False
337,Tree Assume Risk Purpose Strategy,True
337,Also Sea Activity Miss Attention Lot,True
338,Favorites,True
338,Has Read,False
338,Wants to Read,False
338,Currently Reading,True
338,Finally With Unit Cause,False
338,Sit Trial Accept Foot,False
338,Resource My Lawyer Game Their Hand,False
339,Favorites,False
339,Has Read,False
339,Wants to Read,True
339,Currently Reading,False
339,While Yes Point Material Either,False
339,Land Decade Action Hold,True
340,Favorites,True
340,Has Read,False
340,Wants to Read,False
340,Currently Reading,True
340,Program Production Charge Area Music Themselves,False
340,Night Much Test Success Federal Ball,False
340,All Collection Dinner Continue Article Quickly,False
340,Soon Structure Share,False
340,Catch Concern President,True
341,Favorites,False
341,Has Read,True
341,Wants to Read,True
341,Currently Reading,False
341,Report Trouble Radio,True
341,Charge Piece Prove Story Because Mother,False
342,Favorites,False
342,Has Read,True
342,Wants to Read,True
342,Currently Reading,True
342,Prove Fund Life,False
342,Especially Tell Still War Popular Plant,False
343,Favorites,True
343,Has Read,False
343,Wants to Read,True
343,Currently Reading,True
343,Think Skin Middle Half Attention Market,False
343,Board Day At Guess,True
343,Thus North Vote,True
343,Culture Morning Maybe Really Enter System,True
344,Favorites,False
344,Has Read,False
344,Wants to Read,True
344,Currently Reading,True
344,Answer Cover Affect Group Soon,True
345,Favorites,False
345,Has Read,True
345,Wants to Read,False
345,Currently Reading,True
345,Card Score Though,True
346,Favorites,False
346,Has Read,False
346,Wants to Read,False
346,Currently Reading,False
346,Together Decade Consumer Those,False
346,Floor Statement Music Fact Sometimes,True
346,National Say Down Really Item Page,True
346,Mind Better Create Three,True
347,Favorites,True
347,Has Read,True
347,Wants to Read,False
347,Currently Reading,False
347,Southern Analysis Suggest Herself,True
347,Space Apply Marriage,True
347,President Citizen Whom Less,False
347,Little Soldier Machine,True
348,Favorites,False
348,Has Read,True
348,Wants to Read,True
348,Currently Reading,True
348,Their Beyond Suggest,True
348,Tough Drug Money Out Dream High,False
348,Everything Finish Exactly,False
348,Ok Trip Use Available Arm,True
349,Favorites,True
349,Has Read,False
349,Wants to Read,True
349,Currently Reading,False
349,Billion Leave Or Despite Hour Important Wind,False
349,Deal National Short,True
349,Much Political Focus,True
350,Favorites,True
350,Has Read,True
350,Wants to Read,False
350,Currently Reading,False
351,Favorites,True
351,Has Read,True
351,Wants to Read,True
351,Currently Reading,False
351,Official Call Free Phone,False
351,History Base Their Heavy,False
352,Favorites,False
352,Has Read,True
352,Wants to Read,True
352,Currently Reading,True
352,Image Us Speak Catch Phone Likely,False
353,Favorites,True
353,Has Read,True
353,Wants to Read,False
353,Currently Reading,True
353,Either Risk Land All Near,False
353,Feel Traditional Which Investment Forward Chance,True
354,Favorites,True
354,Has Read,False
354,Wants to Read,True
354,Currently Reading,False
354,Yeah Before Long Far Two Knowledge,True
354,Size Trial Popular Return,True
354,Fill Recent This Chair City,False
354,Agreement Senior Property Which Far Fine,True
355,Favorites,True
355,Has Read,False
355,Wants to Read,False
355,Currently Reading,True
355,Author Herself Movement Second,True
355,Medical General Cause No During,False
355,History Out Stop Stage Structure Possible,True
356,Favorites,True
356,Has Read,False
356,Wants to Read,True
356,Currently Reading,False
356,Director Decade Onto Party,False
356,Join Movie Fine Everything,True
356,Key Market Ball Whole Two Idea,True
356,Point Population Put Break Star Main,False
356,Push Both Time Though Stock,True
357,Favorites,True
357,Has Read,True
357,Wants to Read,True
357,Currently Reading,False
357,Current Peace Mrs News Heavy,True
357,Manager Land Bag,True
358,Favorites,False
358,Has Read,True
358,Wants to Read,True
358,Currently Reading,True
358,Process Herself Statement Rather,False
358,Music Improve Move Receive Specific Black Approach,False
358,Seven Significant Color,False
358,Police Develop Carry,True
358,Event Name Must Color,True
359,Favorites,False
359,Has Read,False
359,Wants to Read,False
359,Currently Reading,False
359,Back Where Certainly Data,True
360,Favorites,True
360,Has Read,True
360,Wants to Read,False
360,Currently Reading,True
360,Fund None Challenge Herself,True
360,Style Civil Short Represent Happen Student,False
360,Hospital Improve Yeah Close Player,True
360,Collection Difficult Special End,False
361,Favorites,False
361,Has Read,True
361,Wants to Read,True
361,Currently Reading,True
362,Favorites,True
362,Has Read,False
362,Wants to Read,True
362,Currently Reading,True
362,Control Hospital Society,True
362,Seek Drug Usually Identify Sit,False
363,Favorites,True
363,Has Read,False
363,Wants to Read,True
363,Currently Reading,False
363,State Area Term Former Operation School,False
363,Structure Word Degree Likely Professional Gun,False
363,Up Collection Fly Bad Subject,True
363,Offer You Program Life,True
364,Favorites,True
364,Has Read,False
364,Wants to Read,False
364,Currently Reading,False
364,Ground Important Those,True
365,Favorites,False
365,Has Read,False
365,Wants to Read,True
365,Currently Reading,False
365,Want We Expect Our Card,False
365,Reduce Either Very Out House,False
365,Action Chance Interest Business Son,True
365,Brother Race Way Campaign,True
366,Favorites,True
366,Has Read,True
366,Wants to Read,True
366,Currently Reading,True
367,Favorites,False
367,Has Read,False
367,Wants to Read,False
367,Currently Reading,False
367,Treat Year Glass,True
367,Camera Skin Less May View,True
367,Surface Or Since,True
367,By Report Painting,True
367,Number Society Computer,True
368,Favorites,True
368,Has Read,False
368,Wants to Read,False
368,Currently Reading,False
369,Favorites,True
369,Has Read,False
369,Wants to Read,False
369,Currently Reading,False
370,Favorites,True
370,Has Read,True
370,Wants to Read,False
370,Currently Reading,True
370,Interesting All Guy Hold,True
370,Exist Stand Perhaps Fear Return,True
370,Pressure Officer Science Sea,True
370,Senior Evidence Year Off,False
370,Dream American Adult Father,False
371,Favorites,True
371,Has Read,False
371,Wants to Read,True
371,Currently Reading,True
372,Favorites,True
372,Has Read,False
372,Wants to Read,True
372,Currently Reading,True
372,Organization Democratic Election Hospital Surface,False
372,Yet Always Writer Race,True
372,Term Why What Drive,False
373,Favorites,False
373,Has Read,False
373,Wants to Read,True
373,Currently Reading,False
373,Who Purpose Look Case Health,True
374,Favorites,True
374,Has Read,True
374,Wants to Read,True
374,Currently Reading,True
374,Instead Treatment Part,False
374,Exist Maybe People Customer,False
375,Favorites,False
375,Has Read,True
375,Wants to Read,False
375,Currently Reading,True
375,Thing To Hundred Hot Can,True
375,Here Tax Together Whom,True
376,Favorites,True
376,Has Read,False
376,Wants to Read,True
376,Currently Reading,False
377,Favorites,False
377,Has Read,True
377,Wants to Read,False
377,Currently Reading,False
377,Fish Keep Believe Tough Home Executive,False
377,Recent Difference Wear Job Social People,False
377,Rule Visit What One Mission,False
377,Man Do Above Summer,True
377,Traditional Rate Explain Most Decision Single,True
378,Favorites,False
378,Has Read,True
378,Wants to Read,False
378,Currently Reading,True
378,Themselves Sense Enjoy Each Fly,False
378,Soldier Painting Skin Fish Other Fire,True
379,Favorites,False
379,Has Read,True
379,Wants to Read,True
379,Currently Reading,True
379,Region Instead Major Call Way Message,False
380,Favorites,False
380,Has Read,False
380,Wants to Read,False
380,Currently Reading,True
380,Various Write What Treat Republican,True
381,Favorites,True
381,Has Read,False
381,Wants to Read,True
381,Currently Reading,True
381,Tv Should Choose From Be,False
381,Prevent Choose Standard Social Practice Season,True
381,Heart Why Hotel Keep Onto Whether,False
382,Favorites,False
382,Has Read,True
382,Wants to Read,True
382,Currently Reading,False
382,Figure Girl White,False
383,Favorites,False
383,Has Read,True
383,Wants to Read,False
383,Currently Reading,True
383,East Movement Crime Southern Image,False
383,Fact Hand Treat Many,True
383,Because Meeting Couple Wide,False
383,Save Enjoy Development Least Character Picture,False
383,Prevent Begin Film Off,False
384,Favorites,True
384,Has Read,True
384,Wants to Read,True
384,Currently Reading,True
384,The Identify Should Forget Population,True
384,Enough About Exist Memory,False
385,Favorites,True
385,Has Read,False
385,Wants to Read,False
385,Currently Reading,False
385,Realize Reduce Build,True
385,Media Admit Human Kitchen,False
386,Favorites,False
386,Has Read,False
386,Wants to Read,False
386,Currently Reading,True
386,Difficult According Growth,False
386,Interest Science Position,True
387,Favorites,False
387,Has Read,True
387,Wants to Read,False
387,Currently Reading,False
387,Step Large According Work Month Do,True
387,Step World Management Check Risk Interest,True
388,Favorites,False
388,Has Read,True
388,Wants to Read,True
388,Currently Reading,False
388,Suggest Within Cup,True
388,Design Its Magazine Agreement Worker Collection,True
388,Discussion Raise Baby Face Role Trial,False
388,Open Democratic Country Want Concern,False
388,Trade Medical Happy Soldier Personal Order,True
389,Favorites,False
389,Has Read,True
389,Wants to Read,False
389,Currently Reading,True
389,Score Movie Suffer Dinner Continue Ago,True
389,World Brother Avoid College,False
389,Edge Mean Quality,False
389,Together A Realize Response Improve Safe Radio,False
390,Favorites,False
390,Has Read,True
390,Wants to Read,False
390,Currently Reading,True
390,Blue Mention Four There Letter Treatment,False
390,Benefit Charge Their Summer Describe Better,True
390,Boy My South Can Whatever,False
391,Favorites,False
391,Has Read,False
391,Wants to Read,True
391,Currently Reading,True
391,Operation Audience Money Skill Employee Lose,True
391,Inside Wall Nor Hundred Change Name,False
392,Favorites,True
392,Has Read,False
392,Wants to Read,True
392,Currently Reading,True
392,Night Push Prevent Also,False
393,Favorites,False
393,Has Read,False
393,Wants to Read,True
393,Currently Reading,False
393,Fire Possible Newspaper Organization,False
394,Favorites,True
394,Has Read,False
394,Wants to Read,False
394,Currently Reading,True
394,Suffer Store Actually Eat,False
394,Form Food Quite,False
394,City Newspaper Away,False
394,Range Up Under,False
395,Favorites,False
395,Has Read,True
395,Wants to Read,True
395,Currently Reading,False
396,Favorites,True
396,Has Read,False
396,Wants to Read,False
396,Currently Reading,True
396,Understand Interview Present When More Than,True
396,Community Life Future Else Whatever,False
396,Inside Certain Mrs,False
396,Degree Voice Congress Eight Service Buy,False
397,Favorites,True
397,Has Read,True
397,Wants to Read,False
397,Currently Reading,False
397,Put Decide Economic Employee,False
397,Standard Environmental Attention Meet Talk,False
398,Favorites,False
398,Has Read,True
398,Wants to Read,True
398,Currently Reading,False
398,Art Woman Tax,True
398,Realize Once Win Financial,True
398,Notice Deal Little,False
399,Favorites,False
399,Has Read,True
399,Wants to Read,True
399,Currently Reading,True
399,Mrs All Third Cover Reflect Whether,False
399,Nearly Wear System Indicate Already,True
399,They Her Television Spend,True
399,Without Three Hope,False
399,List Card Front Region Capital Whether,True
400,Favorites,True
400,Has Read,True
400,Wants to Read,False
400,Currently Reading,False
401,Favorites,False
401,Has Read,True
401,Wants to Read,False
401,Currently Reading,True
401,Win Positive Key Sing,False
401,Pull Democratic Buy,False
401,Away Attack Summer Opportunity Bill Seat,True
402,Favorites,False
402,Has Read,False
402,Wants to Read,False
402,Currently Reading,False
402,Speech Magazine Direction Some She,True
402,Group This Success Medical Board Doctor,False
402,Discuss Despite Letter Seven Well Southern,False
402,Design Couple Success Cut Factor,True
402,Development Throughout Behavior Become Trial College,True
403,Favorites,True
403,Has Read,True
403,Wants to Read,True
403,Currently Reading,True
403,Real Develop Like View,True
404,Favorites,True
404,Has Read,False
404,Wants to Read,True
404,Currently Reading,True
404,Institution One Nice Keep,False
404,Set Democratic Democrat Address Education,True
404,Perhaps Area Day,False
404,To Magazine Reason Suddenly Middle Data,True
405,Favorites,True
405,Has Read,False
405,Wants to Read,False
405,Currently Reading,True
405,Small Miss Thought Guess Republican Edge,False
405,Happen Serve Research Own,True
405,Central Stand Offer Sort,True
405,Material Have Administration,False
405,Project Know Notice View Series Answer,False
406,Favorites,False
406,Has Read,False
406,Wants to Read,True
406,Currently Reading,False
406,Deep Question Establish Much Quality,False
406,Red Another Great Make,False
407,Favorites,False
407,Has Read,True
407,Wants to Read,False
407,Currently Reading,False
407,Close Source Each Beyond,False
407,Usually Six Tree Sign First Decision,True
408,Favorites,True
408,Has Read,True
408,Wants to Read,False
408,Currently Reading,False
409,Favorites,True
409,Has Read,False
409,Wants to Read,False
409,Currently Reading,False
410,Favorites,False
410,Has Read,True
410,Wants to Read,False
410,Currently Reading,False
410,Chance Operation Mother,False
410,Consumer Clearly Report Factor Network Evening,True
410,First Same Discussion Allow Hit,False
410,Center Positive Include,False
410,Order Though Government,True
411,Favorites,True
411,Has Read,True
411,Wants to Read,False
411,Currently Reading,True
411,Assume Describe Provide Once Play Same,False
411,Board Long Surface Which Night,True
411,Not Later Catch Network Rest Call,False
412,Favorites,False
412,Has Read,True
412,Wants to Read,False
412,Currently Reading,False
412,Field Practice List Heart Election Season,False
412,Item Attorney Far Determine Strategy Former,True
413,Favorites,False
413,Has Read,True
413,Wants to Read,True
413,Currently Reading,False
413,Total Fine Nation,True
413,Push Good Economy Happy,False
413,Green Maintain Wear Item Sign,True
413,Professional Fire Base Summer Him Reflect,True
413,Scientist Beyond Detail Condition,True
414,Favorites,False
414,Has Read,True
414,Wants to Read,False
414,Currently Reading,True
415,Favorites,False
415,Has Read,False
415,Wants to Read,False
415,Currently Reading,True
415,Local Bar Early Among,True
415,Strategy Large Wife Campaign Minute Game,True
416,Favorites,True
416,Has Read,False
416,Wants to Read,True
416,Currently Reading,True
416,Generation Become State Son Game Want,True
416,Fly Thought Care Always,False
417,Favorites,True
417,Has Read,False
417,Wants to Read,False
417,Currently Reading,True
417,Better Party West National Staff,False
417,Pay Medical Firm Door Lawyer,False
417,Hospital Final Day,True
417,Level Citizen Catch,True
418,Favorites,True
418,Has Read,False
418,Wants to Read,True
418,Currently Reading,False
418,My Address Thought Hit,True
418,Soldier Response Lot,True
418,Place Side Man,True
419,Favorites,False
419,Has Read,True
419,Wants to Read,False
419,Currently Reading,True
419,Response Move Firm Course Heart,True
419,Mention Radio Already Every,True
419,Board Guy Investment Black Writer,False
420,Favorites,True
420,Has Read,True
420,Wants to Read,False
420,Currently Reading,False
420,Above Catch Attorney Add Until,False
420,Record Produce Inside Southern Let,False
420,Maintain Mother Read Skin,False
421,Favorites,True
421,Has Read,True
421,Wants to Read,False
421,Currently Reading,True
421,Within Of Put,True
421,Religious Think Go,False
421,Perform Particular Health,True
422,Favorites,False
422,Has Read,True
422,Wants to Read,False
422,Currently Reading,True
422,Reduce Series Before Before,False
422,Red With Once,False
423,Favorites,False
423,Has Read,False
423,Wants to Read,True
423,Currently Reading,False
424,Favorites,False
424,Has Read,False
424,Wants to Read,True
424,Currently Reading,False
424,Stock Sell Nor,False
424,Federal Beat Only Off Apply,False
424,Upon Page Even Full,False
424,Lose Social Billion Common Individual Provide,True
424,Thus Knowledge Gun,False
425,Favorites,True
425,Has Read,True
425,Wants to Read,False
425,Currently Reading,False
425,Customer Race Let Letter Their,True
425,Chance Offer Think Memory Four Feel,False
425,Song Line Article Agency Second American,False
425,They Possible Imagine Against Agency,True
426,Favorites,False
426,Has Read,False
426,Wants to Read,False
426,Currently Reading,True
426,So Set Option Accept Cold Unit,False
427,Favorites,True
427,Has Read,True
427,Wants to Read,False
427,Currently Reading,False
427,During Your Build Yes Cost,False
427,Worry Him Want Real Management,True
427,Way Own Total Economy,False
427,Laugh Them Common Foot,True
427,Sort Possible Member About Note,False
428,Favorites,True
428,Has Read,True
428,Wants to Read,False
428,Currently Reading,False
428,Speech Add Keep Recent,True
428,Article Wear Whatever Education Authority,False
428,A Artist Behavior Seem Campaign Allow,False
428,Conference Down Hospital If,True
429,Favorites,False
429,Has Read,False
429,Wants to Read,False
429,Currently Reading,False
429,Yes Believe Large Try Simply,True
429,Staff Tend Certainly Raise Black Mention,False
430,Favorites,False
430,Has Read,True
430,Wants to Read,True
430,Currently Reading,False
430,Huge Control Mother Discussion Performance Security,False
430,Indeed Soldier Sister,False
430,Participant Culture Thousand Audience,False
430,Gun Into Her Decide Trade,False
431,Favorites,True
431,Has Read,False
431,Wants to Read,True
431,Currently Reading,False
432,Favorites,False
432,Has Read,False
432,Wants to Read,False
432,Currently Reading,False
432,Sense Member Spring Establish List,False
432,She Husband Fall Carry Health,False
433,Favorites,True
433,Has Read,True
433,Wants to Read,False
433,Currently Reading,False
433,Despite Such Difficult Deal Central Car,True
434,Favorites,True
434,Has Read,False
434,Wants to Read,True
434,Currently Reading,False
434,Simply Night Begin Financial Learn,True
434,Just Time Base Challenge,False
435,Favorites,False
435,Has Read,False
435,Wants to Read,False
435,Currently Reading,True
436,Favorites,True
436,Has Read,True
436,Wants to Read,False
436,Currently Reading,False
436,High Program Arrive First Add Relate Else,True
436,Though Turn Business Produce Option,False
436,Themselves National Sort,False
436,Person Attention Charge Expert Sing Whatever Nice,True
437,Favorites,True
437,Has Read,True
437,Wants to Read,False
437,Currently Reading,False
437,Environment Book Tend Difficult,True
437,Sound Recognize Understand,False
438,Favorites,False
438,Has Read,False
438,Wants to Read,True
438,Currently Reading,True
438,Morning Structure Seek Six,True
438,Sea Begin Practice Six Institution,True
438,Sound Visit Any Couple Church Several,False
438,Hand Seat Term Call Within Admit,True
439,Favorites,True
439,Has Read,False
439,Wants to Read,False
439,Currently Reading,True
439,Song North Join Police Court Drug,False
439,Laugh All Performance And,True
439,Large Hear Trial Party,True
439,Without Every Throughout Road,False
440,Favorites,True
440,Has Read,True
440,Wants to Read,True
440,Currently Reading,False
440,Nature Last Moment Skill And,True
440,Structure Society Fish,True
440,Each Contain Any Scientist,True
440,Shake View Floor,True
441,Favorites,True
441,Has Read,True
441,Wants to Read,True
441,Currently Reading,True
441,Service Indeed Agency Performance Audience,True
441,Card Smile Already Hope Sister,True
441,Hospital Need Affect Pattern Himself,False
441,Big Throughout Not Color Material Personal,False
441,Stay Color Unit Information Hear Wear,True
442,Favorites,True
442,Has Read,False
442,Wants to Read,False
442,Currently Reading,True
443,Favorites,False
443,Has Read,True
443,Wants to Read,False
443,Currently Reading,True
443,Believe Something Itself,False
444,Favorites,False
444,Has Read,True
444,Wants to Read,True
444,Currently Reading,False
445,Favorites,True
445,Has Read,False
445,Wants to Read,True
445,Currently Reading,False
445,Pull Evidence Too Enter,True
445,Style Rate Feeling Politics,False
445,Five Word Price Budget Trip Describe,False
445,Throw Type Truth Simply Write,True
446,Favorites,True
446,Has Read,False
446,Wants to Read,False
446,Currently Reading,True
446,Author Though Prevent Other Sound More,True
446,Use Vote Require City Network Energy Wide,False
446,Both Officer Soon Include Herself,True
446,Detail Game Method Form Field Foreign,False
447,Favorites,False
447,Has Read,True
447,Wants to Read,True
447,Currently Reading,False
447,Like Technology Law Success,False
447,Save Hotel Upon Area Left Right,False
447,Bar Action Professor For Dog Relationship,True
448,Favorites,False
448,Has Read,True
448,Wants to Read,False
448,Currently Reading,False
448,Relate Vote Economy Appear Artist,True
448,Ok Although Experience Without Source,True
448,Until Room Home Want Away,True
449,Favorites,False
449,Has Read,False
449,Wants to Read,False
449,Currently Reading,True
449,Person Pressure About Street What Where,True
449,Rule Training Mention Same Thank,False
449,Personal Be Degree Little Thousand,True
449,Final Deal Learn,False
449,Company Heavy Reach Manage Prepare Note,False
450,Favorites,True
450,Has Read,True
450,Wants to Read,False
450,Currently Reading,False
450,Feel Probably Strong West,False
451,Favorites,True
451,Has Read,False
451,Wants to Read,True
451,Currently Reading,True
451,Force Possible Hope Age,False
451,Read Read Feeling Design,True
451,President Whatever Director Risk Box,False
451,Source Recent Between Before Keep Couple,True
451,This Blood Page Purpose Glass,True
452,Favorites,True
452,Has Read,True
452,Wants to Read,True
452,Currently Reading,True
452,Everything Others Thousand Lose,True
452,Time Central Their Fish Campaign,True
452,Green Rather Fine Artist Since,False
452,Goal Election Lot Will Later,True
453,Favorites,False
453,Has Read,False
453,Wants to Read,False
453,Currently Reading,True
453,Anything Among Too White Catch,True
453,Network Rather Executive Room Medical Approach,True
453,Deep Per Generation,True
453,Dark Popular Fund Grow Available Develop,True
453,Foot Clear Each Experience Lay Answer,False
454,Favorites,True
454,Has Read,False
454,Wants to Read,True
454,Currently Reading,True
455,Favorites,False
455,Has Read,True
455,Wants to Read,True
455,Currently Reading,False
455,End Rise No Beyond,True
455,Phone Executive This Threat Pattern,True
455,Blood Fish Care Use Bring With,True
455,Training Finally People Detail Key,True
456,Favorites,True
456,Has Read,True
456,Wants to Read,True
456,Currently Reading,False
456,Safe Stand Source Green Expect,False
457,Favorites,False
457,Has Read,True
457,Wants to Read,True
457,Currently Reading,True
457,Leader Six Service Outside Economy Prevent,False
457,Join Magazine Should Policy Money,True
458,Favorites,True
458,Has Read,True
458,Wants to Read,False
458,Currently Reading,False
458,Kid Police Fly Board Fear Throw,True
459,Favorites,True
459,Has Read,False
459,Wants to Read,True
459,Currently Reading,False
459,Ago Phone Democratic,False
459,Sing Born Participant Police Sign Certainly,True
459,Respond Approach Leader Resource Husband Fact,False
459,Direction Rock Common Per Minute,False
460,Favorites,True
460,Has Read,False
460,Wants to Read,True
460,Currently Reading,True
460,Local Land Writer,False
461,Favorites,False
461,Has Read,False
461,Wants to Read,False
461,Currently Reading,False
461,Fact Various Your Different Reason,True
461,Data Though Decide,True
462,Favorites,False
462,Has Read,True
462,Wants to Read,False
462,Currently Reading,False
462,Sport Respond Safe Write Pay Husband,False
462,Subject Tax Meeting Adult One Themselves,False
462,Own Personal Structure,False
462,Wife Trip Trouble,False
462,Impact Determine Its Receive Argue Scientist,True
463,Favorites,False
463,Has Read,True
463,Wants to Read,False
463,Currently Reading,True
463,Money Reason Not Hotel,True
463,Majority City Certain Course Cut,True
463,Middle Manager Upon Term,True
463,Plan Fish Always,True
463,Ground In Where Necessary,False
464,Favorites,True
464,Has Read,True
464,Wants to Read,True
464,Currently Reading,True
465,Favorites,False
465,Has Read,False
465,Wants to Read,True
465,Currently Reading,False
465,Stage Enter Tonight Challenge,True
465,Doctor Garden Word,False
466,Favorites,True
466,Has Read,True
466,Wants to Read,False
466,Currently Reading,True
466,Moment Million Ago Three,False
466,Operation Side Fly Report,False
466,Everyone Heavy Think Discover Career Glass,False
467,Favorites,False
467,Has Read,True
467,Wants to Read,True
467,Currently Reading,False
467,Nation Civil Break,False
467,Worker Base Card Thousand Happen Forget,False
467,Space Save All Sense,False
468,Favorites,True
468,Has Read,True
468,Wants to Read,False
468,Currently Reading,False
468,Player Happen Job Me Talk Production,False
468,South Happy Sign For Of Wish,True
468,After Wish Five Get Yes,True
468,Opportunity Vote Enough Man,True
469,Favorites,True
469,Has Read,True
469,Wants to Read,False
469,Currently Reading,True
469,Several Raise Focus Answer,True
469,List Have Hope,False
469,Actually Notice Present Represent,False
470,Favorites,True
470,Has Read,False
470,Wants to Read,True
470,Currently Reading,True
471,Favorites,True
471,Has Read,False
471,Wants to Read,True
471,Currently Reading,True
471,She Current Eight Hot Account,True
472,Favorites,False
472,Has Read,True
472,Wants to Read,True
472,Currently Reading,False
472,Administration Imagine Piece,True
472,Want Use Future Door,False
472,Culture Generation Their Of Range Strategy,True
472,Measure Necessary Think,False
473,Favorites,False
473,Has Read,True
473,Wants to Read,True
473,Currently Reading,False
473,Their Much Skin State True,False
473,Hour Often Seem Necessary Reduce,True
473,Magazine Key Color Book From,True
473,Hit Continue Couple,True
474,Favorites,False
474,Has Read,False
474,Wants to Read,False
474,Currently Reading,False
474,Usually I Remain Station,False
474,Card Race Your Newspaper Town Dream,False
474,Game Growth Already Where Middle Easy,True
475,Favorites,True
475,Has Read,False
475,Wants to Read,False
475,Currently Reading,True
475,Personal Evening Federal Happen During Late,True
475,Significant Black Special Into,False
475,Though Wish Way Research Past Sometimes,True
476,Favorites,True
476,Has Read,False
476,Wants to Read,False
476,Currently Reading,False
476,Citizen Discover One Whole,False
476,Environmental Interest Try End Action,False
476,Time Good Try,False
476,Name Will Sing Plan,True
477,Favorites,False
477,Has Read,True
477,Wants to Read,True
477,Currently Reading,True
477,Company Mother Oil Woman That,False
477,However Marriage Carry Society Big,True
478,Favorites,False
478,Has Read,True
478,Wants to Read,False
478,Currently Reading,False
478,Huge Official Information,False
478,Begin Year Evening Eye,False
478,Time Help Country Respond Mother,False
479,Favorites,True
479,Has Read,True
479,Wants to Read,False
479,Currently Reading,True
479,Too Career Exist Ever,False
480,Favorites,False
480,Has Read,True
480,Wants to Read,True
480,Currently Reading,True
480,Fight Realize Include Buy,False
480,Relationship Smile Artist Hope,False
480,Raise Father Forward Determine Any,True
480,Sure Expect This Official,False
481,Favorites,False
481,Has Read,True
481,Wants to Read,False
481,Currently Reading,True
481,Anything Moment Billion,True
481,Rather Reflect First Knowledge,True
481,Hundred True Itself Shake,False
481,City Himself Its Prepare Worker Along,True
481,However Theory Four Wall,True
482,Favorites,False
482,Has Read,False
482,Wants to Read,False
482,Currently Reading,False
482,Mention Food Sing Population Until,True
482,At Design True,True
483,Favorites,False
483,Has Read,True
483,Wants to Read,True
483,Currently Reading,False
484,Favorites,True
484,Has Read,True
484,Wants to Read,False
484,Currently Reading,True
484,Police Thought Get Eye Sign,True
484,Every Room Country,True
484,In Executive Interview,False
484,Join Check Field,True
484,Your Present Trouble In Operation Them,False
485,Favorites,True
485,Has Read,False
485,Wants to Read,False
485,Currently Reading,False
485,Effort Direction Happen,False
485,Table Particular Method Great Fight,True
485,Boy Employee Activity,False
485,Fall Pretty Resource,True
486,Favorites,True
486,Has Read,True
486,Wants to Read,False
486,Currently Reading,False
486,Grow Born Wide Quality Opportunity,True
486,Ever Cause Within,False
487,Favorites,False
487,Has Read,True
487,Wants to Read,False
487,Currently Reading,True
487,Eight Southern Wait,False
488,Favorites,True
488,Has Read,False
488,Wants to Read,True
488,Currently Reading,False
488,Rest Pass Record Police Remain,False
489,Favorites,False
489,Has Read,True
489,Wants to Read,True
489,Currently Reading,True
489,Cup When Music Capital,True
490,Favorites,False
490,Has Read,True
490,Wants to Read,False
490,Currently Reading,False
490,Whose Send Between,False
490,Language Eight Worry,False
491,Favorites,True
491,Has Read,False
491,Wants to Read,True
491,Currently Reading,True
491,Enter Arm Fill Kid Center Organization,True
491,Sister Human Computer Morning Film Before,False
492,Favorites,False
492,Has Read,True
492,Wants to Read,True
492,Currently Reading,False
492,Trouble Guy Question Way Drive,False
492,Should Thousand Respond,True
492,Cause Other Require Two Personal Buy,False
492,Stock Exactly Series Day Paper,False
493,Favorites,False
493,Has Read,True
493,Wants to Read,True
493,Currently Reading,True
493,Involve Forward Direction Fly Three,False
494,Favorites,True
494,Has Read,True
494,Wants to Read,False
494,Currently Reading,True
494,Everybody Agreement But Reduce Under Interest,False
495,Favorites,False
495,Has Read,False
495,Wants to Read,True
495,Currently Reading,True
495,Determine Reach Quickly Need Section,True
495,Seem Might Office Security,True
495,Often Any Fact No Window If,True
496,Favorites,True
496,Has Read,False
496,Wants to Read,True
496,Currently Reading,True
496,Religious Teach Character Peace Term Executive,False
496,Well Newspaper Cover Magazine Operation Investment,False
496,Story Produce Community,True
496,Recently Throw Open Only,False
496,Herself Baby Especially Past Just They,True
497,Favorites,False
497,Has Read,True
497,Wants to Read,True
497,Currently Reading,True
497,Growth Guess Work Our Always Military,False
497,Into System Apply Growth,True
497,Society How Page,False
497,View Though Oil Public,True
498,Favorites,False
498,Has Read,False
498,Wants to Read,True
498,Currently Reading,False
498,Bar Back Without,False
498,Lead Rule Reason Rate,False
498,Stand Thank Land Partner Reveal,True
498,Fast Catch After Development Soldier,True
499,Favorites,True
499,Has Read,True
499,Wants to Read,True
499,Currently Reading,False
499,Particular Civil Statement Carry,False
499,Loss Cut Company,False
